Epoch,Train_Loss,Val_Loss,mAP_50_95,mAP_50,LR
1,2696.4134,3385.1452,0.0,0.0001,4.172980978409601e-06
2,157.101,144.6836,0.0,0.0001,1.120231650579907e-05
