Epoch,Train_Loss,Val_Loss,mAP_50_95,mAP_50,mAP_75
1,26.036497818155492,11.54068131219773,0.4311522203279171,0.8549970291421889,0.37822890250073776
1,26.107025775503605,11.526579293750581,0.4328059701222755,0.8605653448915539,0.3706953048402036
2,19.665875518068354,11.201124627249582,0.4573110268693406,0.8964752829627758,0.3948861953535027
