Epoch,Train_Loss,Val_Loss,mAP_50_95,mAP_50,mAP_75
1,25.602208409410842,11.389208757309687,0.4326209203407133,0.86910821846597,0.36644149171359786
